Date,Open,High,Low,Close,Volume
2026-08-10,30500,32000,30500,32000,13529
2026-08-11,31500,32000,31000,32000,4023
2026-08-12,32000,32000,31500,32000,8175
2026-08-13,31500,32000,31500,31995,16026
2026-08-14,32000,32000,31805,31900,4924
2026-08-17,31900,31990,31800,31900,26510
2026-08-18,31990,32500,31900,32500,3006
2026-08-19,32400,34500,32400,34400,4867
2026-08-20,34500,34950,34100,34400,16045
2026-08-21,34400,36980,34400,36980,13615
2026-08-24,36980,37100,35005,36500,7346
2026-08-26,36500,37000,34600,34600,11432
2026-08-27,36500,36900,34600,36000,22423
2026-08-28,36400,36995,36000,36700,3808
2026-08-31,36700,36985,36600,36600,5737
2026-09-01,36750,38000,36600,37000,14706
2026-09-02,37500,38495,37000,37150,8293
2026-09-03,37995,38485,37150,38000,19765
2026-09-04,38000,38500,38000,38500,5866
